date,name,gdrive_file_id
11/01/2019,The Sea Shore,1-9zF5XN16AAQnLB7osR24TELVlPImg4B
12/01/2019,The Small Playground,1-GpLka6xVZIcHew4Nn-D2YXDHnsuXbRM
18/01/2019,The Last Breath,1-Z55FNk-01Bx47ji4ZS9n9BgUpZdGkyG
19/01/2019,The Thirst of Glimpse,1-XjULOOhLe_TInMnU3DgP6RPipd6luhl
17/02/2019,The Mighty Knights,1-V-QQCssK02uG1wVg6zOz5uL6FFdAVhn
27/03/2019,Will you still stay beside me?,1-044SR20kwWZ9Z2DHu8lDL_6Gbvr2rYW
02/07/2019,Tug Of War,1--W51nOg5-Bmv-ND046y5low8ZMUmlfI
15/08/2019,द्रौपदी की रक्षा,1-1kg3eFyj0j7M6U7PUbOOuJKHh6H_Nm4
25/08/2019,So Glad It Happened,1-jWrmkpGGScRhNvftyFIpqyzax02d7ux
07/09/2019,The Great Erosion,1-8NIHojMLIC0tT3AgSuZtC18qDd-n0FB
23/10/2019,The Ultimate Hunter,1-06WdtXkqvQx04FH9Zvrtr060t4l6uZj
17/11/2019,Far and Near,1-cGbRweEJeV3iNb_Nc0jLvUJ9ilmNneL
18/11/2019,Listen to Understand,1-kFJtWSxA39CT3TfQa0ZrmAJJcbgjZuf
20/11/2019,The Reins To Emotions,1-sCWIPN_xLvvuwN_IpGcBFPKybXxO4PM
25/11/2019,Long Way to Go Alone,1-wKwFPdmc8pmnkpX78aJszyFqEIrjgac
27/11/2019,Stuck in the Past,10-8i2Z1pLksVF_tI8pa-dbUlMbCdQpyT
28/11/2019,Not of My Kind,100LoxSyEJN3zYby0ePg-vyMb7T240b_o
29/11/2019,Being Low,100nI0IOrAXkSHgn9oJvlPuNw85Zu1rom
30/11/2019,And we call ourselves HUMANS?,105pb_AmBRy_NxefAiZh5zMCT6GWU4NAT
15/12/2019,My kingdom of darkness,112c5baNJbtqqXzrkYDpAjzKaQO3J1h8y
17/12/2019,Grinded,13K0O3E6NkaDtKdFR-lUltgk-E4czt0HV
09/03/2020,कुछ रंग ऐसे भी,13PYkQuE7HbQLSHkgIzzMiEIhN18RXEI1
01/03/2021,Life is?,100zQs_aEkCB5rBluBtjFOqxwSsL8ESRD
19/03/2021,Reality of illusions,1CgBj5kUOSh1TNbtPSUIW4IaPrt07HFde
28/11/2021,Let it go or Bury it down,1--EM_qcyiljtq7sxPGP7hvK6bCH2XV5b
31/12/2021,The beginning or the end,1HXjrhViQPyrjJPiFd9xRaL0xHuMx1pvk
01/01/2022,To the grave and back ❤,1JL-OxKkmsIYP0-NNa1Vn7TiYHoh3VQiP
12/02/2022,Weekends,1tzYVCVWJuTleIHnp-Ir95qixMgiv5y7X
26/02/2022,Afraid to be left alone,1Bo2R-Id_s2gqhHsgCECrT7kufp_GqwyA
